,"('Period_YYYY_MM', '')",Period_1,"('No_of_Credit_Cards', 'AMEX')","('No_of_Credit_Cards', 'AXIS')","('No_of_Credit_Cards', 'HDFC')","('No_of_Credit_Cards', 'ICICI')","('No_of_Credit_Cards', 'INDUSIND')","('No_of_Credit_Cards', 'KOTAK')","('No_of_Credit_Cards', 'Others')","('No_of_Credit_Cards', 'RBL')","('No_of_Credit_Cards', 'SBI')","('No_of_Credit_Cards', 'Grand_Total')","('Total_Credit_Card_Purchase_Value', 'AMEX')","('Total_Credit_Card_Purchase_Value', 'AXIS')","('Total_Credit_Card_Purchase_Value', 'HDFC')","('Total_Credit_Card_Purchase_Value', 'ICICI')","('Total_Credit_Card_Purchase_Value', 'INDUSIND')","('Total_Credit_Card_Purchase_Value', 'KOTAK')","('Total_Credit_Card_Purchase_Value', 'Others')","('Total_Credit_Card_Purchase_Value', 'RBL')","('Total_Credit_Card_Purchase_Value', 'SBI')"
0,2022/04,2022/04/01,1375307,9261251,16833724,13128334,1922608,3425409,11518627,3754269,13946540,75166069,30970444884,91756519642,2.90795E+11,2.07253E+11,51788192886,28412443905,1.15703E+11,41916028273,1.95997E+11
1,2022/05,2022/05/01,1366552,9475786,17219010,13340781,1972365,3606571,11919411,3827746,14148758,76876980,30307550242,95722195305,3.14789E+11,2.18586E+11,60773013958,32664102005,1.25864E+11,45875591243,2.12354E+11
2,2022/06,2022/06/01,1360776,9704719,17605497,13531271,2029218,3869513,12391147,3914742,14315734,78722617,29792428945,1.00958E+11,2.95783E+11,2.16682E+11,55490788904,32858630379,1.23474E+11,44115351174,1.88362E+11
3,2022/07,2022/07/01,1356420,9932333,17949861,13725493,1822569,4052093,12877031,4005255,14534667,80255722,30180808053,1.00652E+11,3.28449E+11,2.33462E+11,56828957918,36319737420,1.32235E+11,46751561392,1.93678E+11
4,2022/08,2022/08/01,1353402,8879353,16428971,13937013,1869104,4107595,12540316,4044789,14830926,77991469,30950393010,1.03214E+11,3.24305E+11,2.00706E+11,47699211235,38096698242,1.3604E+11,46536165145,1.96029E+11
5,2022/09,2022/09/01,1299223,8824819,16328522,13316346,1931403,4299906,12775690,4097800,14828035,77701744,31420069551,1.27883E+11,3.25019E+11,2.36312E+11,45048778376,39612414946,1.34093E+11,48196982765,2.33353E+11
6,2022/10,2022/10/01,1304696,9086186,16546501,13537626,1964481,4519524,13074841,4166704,15167195,79367754,32244335926,1.13163E+11,3.75334E+11,2.16612E+11,74423642525,41560795718,1.4972E+11,54401435404,2.33024E+11
7,2022/11,2022/11/01,1313008,9294011,16782602,13431626,2018773,4597686,13382576,4230404,15555633,80606319,32403930821,1.04306E+11,3.26498E+11,1.83355E+11,65039206045,37502781247,1.3888E+11,49941062143,2.10014E+11
8,2022/12,2022/12/01,1317153,9443017,17012255,13527648,2068093,4736952,12960826,4237024,15883906,81186874,34196278601,1.13518E+11,3.56949E+11,2.0692E+11,68821032677,41488255874,1.51771E+11,54087653123,2.37486E+11
9,2023/01,2023/01/01,1326051,9585255,17235273,13655812,2117950,4809780,13192411,4319355,16210142,82452029,31712092219,1.17634E+11,3.52317E+11,2.17975E+11,64650935391,43341918217,1.52371E+11,53849718052,2.42972E+11
10,2023/02,2023/02/01,1334755,9785800,17299140,13738355,2169062,4885328,13282673,4364662,16505981,83365756,32334310614,1.06844E+11,3.28168E+11,1.98468E+11,64503675097,42576883758,1.42099E+11,51458513723,2.20391E+11
11,2023/03,2023/03/01,1336775,12127172,17535910,14458594,2224570,4917023,11530200,4410550,16762444,85303238,39353499857,1.64497E+11,3.76398E+11,2.39703E+11,69073484866,50185179913,1.27149E+11,60424560861,2.46327E+11
12,2023/04,2023/04/01,1342190,12271981,17878964,14577079,2273521,5034646,11753976,4523425,16856916,86512698,36666667973,1.56137E+11,3.79572E+11,2.26675E+11,63004914030,48468208245,1.17188E+11,57064210507,2.4291E+11
13,2023/05,2023/05/01,1347707,12468704,18122628,14679475,2327416,5115403,11985397,4562457,17138124,87747311,39173446299,1.73017E+11,4.01718E+11,2.44864E+11,71433562715,51400040393,1.26614E+11,60347251067,2.38029E+11
14,2023/06,2023/06/01,1350680,12509723,18351008,14802557,2394461,5216456,12100870,4613266,17343335,88682356,35663795677,1.69065E+11,3.87156E+11,2.30424E+11,67021813344,50036325726,1.24903E+11,58267361479,2.49805E+11
15,2023/07,2023/07/01,1353841,12739961,18542304,14988851,2431761,5296061,12325650,4644075,17550747,89873251,37937038332,1.80371E+11,3.94032E+11,2.58567E+11,67939150646,55272706941,1.35696E+11,61600053789,2.59668E+11
16,2023/08,2023/08/01,1359275,12959431,18533409,15298217,2484765,5399623,12749471,4715011,17779055,91278257,41752968424,1.77519E+11,3.93713E+11,2.6607E+11,70300206995,57766406654,1.41309E+11,63448760348,2.74141E+11
17,2023/09,2023/09/01,1363023,13145726,18831933,15647301,2533531,5527538,13288287,4806304,17873839,93017482,38206328291,1.62626E+11,3.86619E+11,2.53057E+11,77971266680,54925837698,1.38487E+11,61636519923,2.49667E+11
18,2023/10,2023/10/01,1365100,13293075,19188698,16006724,2602914,5674306,13634697,4878164,18067139,94710817,43464818295,2.17289E+11,4.51733E+11,3.41584E+11,79270496382,71512134465,1.55966E+11,70811219709,3.5406E+11
19,2023/11,2023/11/01,1356020,13437470,19512140,16206426,2659808,5666441,13967711,4944182,18251184,96001382,41190886684,1.85828E+11,4.20493E+11,2.77729E+11,80836379509,63610841560,1.54797E+11,67878072496,3.14076E+11
20,2023/12,2023/12/01,1357137,13584295,19878068,16484458,2733139,5790957,14563125,5036557,18476875,97904611,42009468559,1.90553E+11,4.47719E+11,2.82157E+11,89783115698,64757657096,1.68491E+11,73229350286,2.92493E+11
21,2024/01,2024/01/01,1341913,13753510,20103905,16797580,2797275,5971753,15014901,5113532,18605888,99500257,41581723144,2.03055E+11,4.37115E+11,2.96734E+11,77116074764,62645275445,1.683E+11,70954649340,3.06938E+11
22,2024/02,2024/02/01,1346343,13909552,20404625,16846344,2847599,6042418,15289861,5161788,18751636,100600166,42268282626,1.75281E+11,4.02885E+11,2.68434E+11,77583135033,61055631741,1.61998E+11,70080583258,2.32478E+11
23,2024/03,2024/03/01,1348225,14211482,20590921,16954660,2893286,5954361,15771616,5189180,18889005,101802736,46475843224,1.89414E+11,4.37413E+11,3.07334E+11,80764945344,73014975042,1.81522E+11,79002496234,2.49649E+11
24,2024/04,2024/04/01,1354029,14223475,20822152,17008241,2936739,6000473,15976453,5214593,19003597,102539752,44795143978,1.84868E+11,4.08989E+11,2.94036E+11,75873538444,70458150276,1.70906E+11,69106946218,2.45952E+11
25,2024/05,2024/05/01,1360555,14340543,21111287,17084977,2966866,5935815,16150536,5232433,19117365,103300377,48464762932,1.92251E+11,4.14065E+11,3.19878E+11,82315139247,73391206350,1.80456E+11,74976575826,2.63754E+11
26,2024/06,2024/06/01,1367400,14457746,21333467,17268688,2992748,5517030,16380655,5256416,19238868,103813018,43207879536,1.77503E+11,4.14517E+11,3.04975E+11,77339859887,69619888492,1.76656E+11,71736919278,2.52666E+11
27,2024/07,2024/07/01,1384863,14612080,21731989,17413024,3003867,5474497,16330662,5280469,19336986,104568437,46957919843,2.05062E+11,4.43686E+11,3.45659E+11,80376954705,68353223325,1.92865E+11,74959784026,2.68782E+11
28,2024/08,2024/08/01,1404839,14739214,21973579,17558265,3009647,5413306,16681807,5264023,19447459,105492139,51004824272,1.95892E+11,4.34408E+11,3.25427E+11,80279834374,65548942777,1.91506E+11,73151950504,2.64801E+11
29,2024/09,2024/09/01,1419372,14792226,22405188,17562210,3022768,5305046,16791525,5218099,19586884,106103318,52283447320,1.87219E+11,5.22266E+11,3.14574E+11,84710980220,63329288813,1.90076E+11,70414207573,2.77148E+11
30,2024/10,2024/10/01,1429916,14771653,22646307,17700751,3054496,5207106,17097853,5174424,19807149,106889655,59525930142,2.60703E+11,5.36061E+11,3.80802E+11,94312029868,73848479629,2.15316E+11,78823831469,3.18496E+11
31,2024/11,2024/11/01,1426449,14731919,22833425,17751518,3081902,5094515,17173433,5108342,20038207,107239710,56941876522,1.99101E+11,4.55563E+11,3.16884E+11,87804748000,61402331041,1.95481E+11,67874415028,2.51929E+11
32,2024/12,2024/12/01,1437498,14796963,23145038,17901052,3117373,5021613,17350986,5038440,20246942,108055905,57142282055,2.16382E+11,5.31653E+11,3.50167E+11,94093739784,67642557650,2.06428E+11,75213626822,2.82135E+11
33,2025/01,2025/01/01,1453258,14782101,23444799,18084209,3152176,4995388,17506267,4973507,20481479,108873184,54751845371,2.02122E+11,5.0664E+11,3.5682E+11,88891919972,70314149536,1.98689E+11,73265374359,2.89767E+11
34,2025/02,2025/02/01,1466843,14770420,23623081,18110863,3180830,4959362,17676144,4863716,20664097,109315356,51046172241,1.88843E+11,4.63782E+11,3.09913E+11,88810985943,59887957667,1.82231E+11,65811182842,2.61755E+11
35,2025/03,2025/03/01,1455311,14899543,23840913,18208662,3163585,4840184,17824525,4828106,20823857,109884686,58614756635,2.3312E+11,5.77511E+11,3.66992E+11,93839883351,68688675648,2.13299E+11,78230994232,3.24643E+11
36,2025/04,2025/04/01,1424907,14955199,24001417,18300074,3181308,4839468,17975665,4776130,20982901,110437069,54091043530,2.12015E+11,5.17241E+11,3.50797E+11,88925167046,60453029364,1.96508E+11,68191550516,2.94152E+11
37,2025/05,2025/05/01,1417026,15060789,24276236,18268429,3189282,4866190,18126640,4735288,21109673,111049553,53986823898,2.24547E+11,5.17472E+11,3.45153E+11,90826420675,63079585843,2.05045E+11,74313869821,3.23892E+11
38,2025/06,2025/06/01,1405989,15054518,24489022,17980990,3188821,4579966,18389274,4687959,21192954,110969493,50989344633,2.18681E+11,5.11577E+11,3.33518E+11,83215607306,59962313540,1.98686E+11,68529422857,3.05723E+11
39,2025/07,2025/07/01,1390801,15177034,24804437,18048654,3192572,4581725,18706257,4646898,21259594,111807972,52447738737,2.27765E+11,5.37976E+11,3.61706E+11,89187688973,61677941814,2.09952E+11,72218398585,3.25562E+11
40,2025/08,2025/08/01,1365954,15317835,25026293,18179261,3186869,4588479,18960605,4541171,21329125,112495592,51979540215,2.17612E+11,5.3873E+11,3.44927E+11,93732105770,56315119909,2.06961E+11,70809842300,3.30633E+11
41,2025/09,2025/09/01,1350152,15424177,25285047,18372151,3180135,4553703,19254437,4468445,21502248,113390495,56326306066,2.60431E+11,6.05824E+11,4.19217E+11,81042648225,61242144344,2.0801E+11,68749671082,4.06228E+11
42,2025/10,2025/10/01,1347687,15504019,25429466,18476537,3178907,4554468,19447425,4450234,21629678,114018421,60934245764,2.44069E+11,6.19554E+11,3.95548E+11,53871841836,65159579309,2.28463E+11,74714131340,3.99989E+11
43,2025/11,2025/11/01,1343121,15570286,25638326,18583024,3140333,4579674,19831588,4450615,21739203,114876170,56514779356,2.05264E+11,5.55523E+11,3.41604E+11,51511205476,58819018503,2.11534E+11,67863468363,3.39357E+11
44,2025/12,2025/12/01,1336371,15649230,25798482,18650525,3175162,4557559,20218147,4596775,21809462,115791713,59501247097,2.31817E+11,5.72355E+11,3.68724E+11,52598867275,63000829365,2.27464E+11,72476901224,3.98929E+11
45,2026/01,2026/01/01,1334477,15737142,26108701,18772905,3068120,4593527,20552710,4583137,21901688,116652407,58111145035,2.25509E+11,5.65183E+11,3.51798E+11,51091333599,60348352820,2.2698E+11,71563657118,3.80265E+11
46,2026/02,2026/02/01,1319326,15892955,26260095,18913163,3048435,4631622,21058945,4608807,21971138,117704486,56455135165,1.97152E+11,5.04059E+11,3.05338E+11,45244719079,53352330357,2.05472E+11,64770388371,3.41076E+11
47,2026/03,2026/03/01,1310967,16026533,26312515,19051092,3024303,4664877,21519313,4626035,22098042,118633677,65796880603,2.49097E+11,6.53378E+11,3.65232E+11,51704582052,65003662160,2.44058E+11,76258348519,4.24418E+11
